id,name,"created at"
1,KG1,"2020-01-27 10:51:04"
2,KG2,"2020-01-27 10:51:11"
3,G1,"2020-01-27 10:51:17"
4,G2,"2020-01-27 10:51:24"
5,G3,"2020-01-27 10:51:31"
6,G4,"2020-01-27 10:51:37"
7,G5,"2020-01-27 10:51:43"
8,G6,"2020-01-27 10:51:50"
9,G7,"2020-01-27 10:51:56"
10,G8,"2020-01-27 10:52:02"
11,G9,"2020-01-27 10:52:10"
12,G10,"2020-01-27 10:52:18"
13,G11,"2020-01-27 10:52:22"
14,G12,"2020-01-27 10:52:26"
15,"level test","2020-03-09 18:38:36"
16,"level test 2","2020-03-09 18:44:12"
17,tttt,"2020-03-09 18:51:45"
18,"new level","2020-03-09 19:05:41"
